1,3,7,2024-10-01 09:00:00,新規カットとカラー
2,5,2,2024-10-05 11:30:00,リタッチカラー
3,8,4,2024-10-10 14:00:00,パーマとトリートメント
4,2,9,2024-10-15 10:00:00,ショートカット
5,7,1,2024-10-20 13:30:00,ヘアセット（結婚式）
6,10,3,2024-10-25 16:00:00,前髪カット
7,1,6,2024-10-30 09:30:00,メンズカット
8,4,8,2024-11-02 15:00:00,カラーとスタイリング
9,6,5,2024-11-05 12:00:00,ヘッドスパ
10,9,10,2024-11-10 17:00:00,スタイリングアドバイス
11,2,3,2024-11-12 09:00:00,新規カット
12,7,7,2024-11-15 11:30:00,カラーとトリートメント
13,5,1,2024-11-18 14:00:00,パーマ
14,10,4,2024-11-20 10:00:00,ショートカット
15,3,9,2024-11-22 13:30:00,ヘアセット（パーティー）
16,8,2,2024-11-25 16:00:00,前髪カット
17,6,5,2024-11-28 09:30:00,メンズカット
18,1,8,2024-12-01 15:00:00,カラーとスタイリング
19,4,10,2024-12-03 12:00:00,ヘッドスパ
20,9,6,2024-12-05 17:00:00,スタイリングアドバイス
21,5,3,2024-12-07 09:00:00,新規カットとカラー
22,2,7,2024-12-10 11:30:00,リタッチカラー
23,10,1,2024-12-12 14:00:00,パーマとトリートメント
24,3,4,2024-12-15 10:00:00,ショートカット
25,7,9,2024-12-18 13:30:00,ヘアセット（結婚式）
26,8,2,2024-12-20 16:00:00,前髪カット
27,1,5,2024-12-22 09:30:00,メンズカット
28,6,8,2024-12-25 15:00:00,カラーとスタイリング
29,4,10,2024-12-28 12:00:00,ヘッドスパ
30,9,6,2024-12-30 17:00:00,スタイリングアドバイス